<?xml version="1.0" encoding="UTF-8"?>
<beans
        xmlns="http://www.springframework.org/schema/beans"
        xmlns:xsi="http://www.w3.org/2001/XMLSchema-instance"
        xmlns:context="http://www.springframework.org/schema/context"
        xsi:schemaLocation="
	    http://www.springframework.org/schema/context
	    http://www.springframework.org/schema/context/spring-context.xsd
	    http://www.springframework.org/schema/beans
	    http://www.springframework.org/schema/beans/spring-beans.xsd
        ">

    <!--注解-->
    <context:component-scan base-package="com.aaa"></context:component-scan>

    <!--<bean id="dao" class="com.aaa.dao.TestDaoImpl">-->

    <!--</bean>-->
    <!--自动注入-->
    <!--<bean id="testServiceImpl" class="com.aaa.service.TestServiceImpl" autowire="byName">-->
        <!--&lt;!&ndash;设置注入&ndash;&gt;-->
        <!--&lt;!&ndash;<property name="dao" ref="testDao"></property>&ndash;&gt;-->
        <!--&lt;!&ndash;构造注入&ndash;&gt;-->
        <!--&lt;!&ndash;<constructor-arg ref="testDao" index="0"></constructor-arg>&ndash;&gt;-->
    <!--</bean>-->
</beans>